id,symbol,company_name,security_type,event_start_date,event_end_date,peak_date,price_start,price_peak,price_end_3d,return_1d_pct,return_3d_pct,return_peak_pct,label_a,label_b,day_after_continuation,volume_event_day,volume_avg_20d_pre,volume_ratio,shares_outstanding,float_shares,market_cap_pre,short_interest_shares,short_pct_float,days_to_cover,sector,industry,exchange,ipo_date,days_since_ipo,catalyst_summary,news_count_event_day,options_available,iv_pre_event,call_oi_pre,put_oi_pre,taxonomy_bucket,taxonomy_confidence,taxonomy_notes,data_source,created_at
8,BBIG,"Vinco Ventures, Inc.",common,2025-11-05T00:00:00,2025-11-10T00:00:00,2025-11-10T00:00:00,0.0005,0.03,0.0198,1880.0,3860.0,5900.0,1,1,0.0,17611.0,4930.05,3.57,13000000.0,11665321.0,6500.0,2108418.0,0.16219999,1.23,Consumer Cyclical,Leisure,PNK,,,"Tyde spinoff, short squeeze setup",,0,,,,short_squeeze,0.9,"Seed list: Tyde spinoff, short squeeze setup",yfinance,2026-03-26T20:27:30.270997
5,BBIG,"Vinco Ventures, Inc.",common,2024-12-31T00:00:00,2025-01-06T00:00:00,2025-01-06T00:00:00,0.0004,0.012,0.012,48.15,2900.0,2900.0,1,1,0.0,50525.0,21537.3,2.35,13000000.0,11665321.0,5200.0,2108418.0,0.16219999,1.23,Consumer Cyclical,Leisure,PNK,,,"Tyde spinoff, short squeeze setup",,0,,,,short_squeeze,0.9,"Seed list: Tyde spinoff, short squeeze setup",yfinance,2026-03-26T20:27:30.270996
6,BBIG,"Vinco Ventures, Inc.",common,2025-01-15T00:00:00,2025-01-21T00:00:00,2025-01-21T00:00:00,0.001,0.03,0.03,2900.0,2900.0,2900.0,1,1,0.0,4687.0,28892.7,0.16,13000000.0,11665321.0,13000.0,2108418.0,0.16219999,1.23,Consumer Cyclical,Leisure,PNK,,,"Tyde spinoff, short squeeze setup",,0,,,,short_squeeze,0.9,"Seed list: Tyde spinoff, short squeeze setup",yfinance,2026-03-26T20:27:30.270996
7,BBIG,"Vinco Ventures, Inc.",common,2025-05-06T00:00:00,2025-05-09T00:00:00,2025-05-09T00:00:00,0.0004,0.009,0.009,2900.0,2150.0,2150.0,1,1,0.0,2382.0,1934.8,1.23,13000000.0,11665321.0,5200.0,2108418.0,0.16219999,1.23,Consumer Cyclical,Leisure,PNK,,,"Tyde spinoff, short squeeze setup",,0,,,,short_squeeze,0.9,"Seed list: Tyde spinoff, short squeeze setup",yfinance,2026-03-26T20:27:30.270997
3,BBIG,"Vinco Ventures, Inc.",common,2024-07-03T00:00:00,2024-07-09T00:00:00,2024-07-08T00:00:00,0.0006,0.0101,0.01,0.0,1566.67,1583.33,1,1,0.0,0.0,4258.45,0.0,13000000.0,11665321.0,7799.999999999999,2108418.0,0.16219999,1.23,Consumer Cyclical,Leisure,PNK,,,"Tyde spinoff, short squeeze setup",,0,,,,short_squeeze,0.9,"Seed list: Tyde spinoff, short squeeze setup",yfinance,2026-03-26T20:27:30.270995
15,TOP,TOP Financial Group Limited,adr,2023-04-25T00:00:00,2023-04-28T00:00:00,2023-04-28T00:00:00,6.71,256.44,108.21,441.05,1512.67,3721.76,1,1,0.0,6700900.0,745490.0,8.99,37068205.0,6999960.0,248727655.55,77176.0,0.0045,2.38,Financial Services,Capital Markets,NCM,,,"Hong Kong fintech micro-cap, extreme low float",,0,,,,penny_stock_pump,0.9,"Seed list: Hong Kong fintech micro-cap, extreme low float",yfinance,2026-03-26T20:27:33.675059
12,HKD,AMTD Digital Inc.,adr,2022-07-27T00:00:00,2022-08-01T00:00:00,2022-08-01T00:00:00,76.69,767.03,742.0,85.38,867.53,900.17,1,1,1.0,443800.0,1090662.5,0.41,197023250.0,43990309.0,15109713042.5,1981056.0,0.0101,2.38,Technology,Software - Application,NYQ,,,"IPO $7.80 to $2,555, no clear catalyst, SEC scrutiny",,0,,,,penny_stock_pump,0.9,"Seed list: IPO $7.80 to $2,555, no clear catalyst, SEC scrutiny",yfinance,2026-03-26T20:27:31.921642
11,DJT,Trump Media & Technology Group Corp.,common,2021-10-19T00:00:00,2021-10-22T00:00:00,2021-10-22T00:00:00,10.01,175.0,94.2,107.03,841.06,1648.25,1,1,0.0,133395800.0,93069.23,1433.3,276731315.0,159355728.0,2770080463.15,11809590.0,0.0731,3.03,Communication Services,Internet Content & Information,NGM,,,"DWAC→DJT merger completion, political meme stock",,1,,,,spac_despac,0.9,"Seed list: DWAC→DJT merger completion, political meme stock",yfinance,2026-03-26T20:27:30.920647
13,OCGN,"Ocugen, Inc.",common,2020-12-18T00:00:00,2020-12-23T00:00:00,2020-12-23T00:00:00,0.294,3.05,2.6,222.98,784.35,937.41,1,1,0.0,918194300.0,14124770.0,65.01,327897296.0,322887025.0,96401805.02399999,52358943.0,0.162,5.78,Healthcare,Biotechnology,NCM,,,Covaxin partnership with Bharat Biotech,,1,,,,biotech_catalyst,0.9,Seed list: Covaxin partnership with Bharat Biotech,yfinance,2026-03-26T20:27:32.986289
14,PHUN,"Phunware, Inc.",common,2021-10-19T00:00:00,2021-10-22T00:00:00,2021-10-22T00:00:00,51.0,1202.0,437.0,471.24,756.86,2256.86,1,1,0.0,12957820.0,20024.8,647.09,20188160.0,20115281.0,1029596160.0,705649.0,0.035,7.27,Technology,Software - Application,NCM,,,"Trump-adjacent tech, sympathy move with DWAC",,1,,,,spac_despac,0.9,"Seed list: Trump-adjacent tech, sympathy move with DWAC",yfinance,2026-03-26T20:27:33.084872
9,BBIG,"Vinco Ventures, Inc.",common,2025-11-17T00:00:00,2025-11-20T00:00:00,2025-11-20T00:00:00,0.0005,0.004,0.004,33.33,700.0,700.0,1,1,0.0,5627.0,5364.15,1.05,13000000.0,11665321.0,6500.0,2108418.0,0.16219999,1.23,Consumer Cyclical,Leisure,PNK,,,"Tyde spinoff, short squeeze setup",,0,,,,short_squeeze,0.9,"Seed list: Tyde spinoff, short squeeze setup",yfinance,2026-03-26T20:27:30.270997
1,BBIG,"Vinco Ventures, Inc.",common,2024-04-04T00:00:00,2024-04-09T00:00:00,2024-04-05T00:00:00,0.005,0.1,0.03,200.0,500.0,1900.0,1,1,0.0,4408.0,5591.2,0.79,13000000.0,11665321.0,65000.0,2108418.0,0.16219999,1.23,Consumer Cyclical,Leisure,PNK,,,"Tyde spinoff, short squeeze setup",,0,,,,short_squeeze,0.9,"Seed list: Tyde spinoff, short squeeze setup",yfinance,2026-03-26T20:27:30.270992
4,BBIG,"Vinco Ventures, Inc.",common,2024-09-25T00:00:00,2024-09-30T00:00:00,2024-09-30T00:00:00,0.0025,0.015,0.015,455.56,500.0,500.0,1,1,0.0,2746.0,14465.0,0.19,13000000.0,11665321.0,32500.0,2108418.0,0.16219999,1.23,Consumer Cyclical,Leisure,PNK,,,"Tyde spinoff, short squeeze setup",,0,,,,short_squeeze,0.9,"Seed list: Tyde spinoff, short squeeze setup",yfinance,2026-03-26T20:27:30.270995
33,BBIG,"Vinco Ventures, Inc.",common,2024-07-24T00:00:00,2024-07-29T00:00:00,2024-07-29T00:00:00,0.0015,0.009,0.009,500.0,500.0,500.0,1,0,0.0,1028.0,7774.45,0.13,13000000.0,11665321.0,19500.0,2108418.0,0.16219999,1.23,Consumer Cyclical,Leisure,PNK,,,"Tyde spinoff, short squeeze setup",,0,,,,short_squeeze,0.9,"Seed list: Tyde spinoff, short squeeze setup",yfinance,2026-03-26T20:29:15.967221
48,BBIG,"Vinco Ventures, Inc.",common,2026-01-14T00:00:00,2026-01-20T00:00:00,2026-01-20T00:00:00,0.0007,0.004,0.004,33.33,471.43,471.43,1,0,1.0,2026.0,11618.8,0.17,13000000.0,11665321.0,9100.0,2108418.0,0.16219999,1.23,Consumer Cyclical,Leisure,PNK,,,"Tyde spinoff, short squeeze setup",,0,,,,short_squeeze,0.9,"Seed list: Tyde spinoff, short squeeze setup",yfinance,2026-03-26T20:29:15.967230
16,AMC,"AMC Entertainment Holdings, Inc.",common,2021-01-22T00:00:00,2021-01-27T00:00:00,2021-01-27T00:00:00,35.1,203.6,199.0,301.21,466.95,480.06,1,0,0.0,122234250.0,5985690.0,20.42,582797250.0,524606787.0,20456183475.0,118075647.0,0.22389999,3.95,Communication Services,Entertainment,NYQ,,,"Meme stock squeeze, high retail participation",,1,,,,short_squeeze,0.9,"Seed list: Meme stock squeeze, high retail participation",yfinance,2026-03-26T20:29:15.677526
75,OCGN,"Ocugen, Inc.",common,2021-02-03T00:00:00,2021-02-08T00:00:00,2021-02-08T00:00:00,2.81,18.77,15.81,201.14,462.63,567.97,1,1,0.0,719521500.0,47402570.0,15.18,327897296.0,322887025.0,921391401.76,52358943.0,0.162,5.78,Healthcare,Biotechnology,NCM,,,Covaxin partnership with Bharat Biotech,,1,,,,biotech_catalyst,0.9,Seed list: Covaxin partnership with Bharat Biotech,yfinance,2026-03-26T20:29:17.018729
56,GME,GameStop Corp.,common,2021-01-22T00:00:00,2021-01-27T00:00:00,2021-01-27T00:00:00,16.2525,95.0,86.8775,134.84,434.55,484.53,1,0,0.0,373586800.0,119785180.0,3.12,448009480.0,408196259.0,7281274073.700001,64227044.0,0.157,12.79,Consumer Cyclical,Specialty Retail,NYQ,,,"WSB-driven short squeeze, 140%+ SI, Melvin Capital",,1,,,,short_squeeze,0.9,"Seed list: WSB-driven short squeeze, 140%+ SI, Melvin Capital",yfinance,2026-03-26T20:29:16.365155
43,BBIG,"Vinco Ventures, Inc.",common,2025-05-22T00:00:00,2025-05-28T00:00:00,2025-05-28T00:00:00,0.0001,0.0005,0.0005,400.0,400.0,400.0,1,0,0.0,460.0,2461.75,0.19,13000000.0,11665321.0,1300.0,2108418.0,0.16219999,1.23,Consumer Cyclical,Leisure,PNK,,,"Tyde spinoff, short squeeze setup",,0,,,,short_squeeze,0.9,"Seed list: Tyde spinoff, short squeeze setup",yfinance,2026-03-26T20:29:15.967227
44,BBIG,"Vinco Ventures, Inc.",common,2025-07-02T00:00:00,2025-07-08T00:00:00,2025-07-08T00:00:00,0.0002,0.001,0.001,400.0,400.0,400.0,1,0,0.0,1012.0,2846.65,0.36,13000000.0,11665321.0,2600.0,2108418.0,0.16219999,1.23,Consumer Cyclical,Leisure,PNK,,,"Tyde spinoff, short squeeze setup",,0,,,,short_squeeze,0.9,"Seed list: Tyde spinoff, short squeeze setup",yfinance,2026-03-26T20:29:15.967227
81,PRST,Presto Automation Inc.,common,2025-02-03T00:00:00,2025-02-06T00:00:00,2025-02-06T00:00:00,0.0001,0.0005,0.0005,400.0,400.0,400.0,1,0,0.0,612300.0,810249.85,0.76,418519281.0,105706246.0,41851.928100000005,1820791.0,0.0138,0.08,Technology,Software - Application,PNK,,,"AI restaurant tech, low float squeeze",,0,,,,penny_stock_pump,0.9,"Seed list: AI restaurant tech, low float squeeze",yfinance,2026-03-26T20:29:17.173191
20,AMTD,AMTD IDEA Group,adr,2022-07-28T00:00:00,2022-08-02T00:00:00,2022-08-02T00:00:00,8.64,77.4,42.0,236.54,386.11,795.83,1,1,0.0,38401550.0,271414.1,141.49,42487253.0,208541538.0,367089865.92,36873.0,0.00090000004,1.28,Financial Services,Asset Management,NYQ,,,"HKD parent, mysterious 32000% rally post-IPO",,0,,,,penny_stock_pump,0.9,"Seed list: HKD parent, mysterious 32000% rally post-IPO",yfinance,2026-03-26T20:29:15.771070
91,SAVA,Cassava Sciences Inc,common,2021-01-29T00:00:00,2021-02-03T00:00:00,2021-02-03T00:00:00,19.82,90.0,87.95,58.64,343.74,354.09,1,0,0.0,54517332.0,3967892.35,13.74,48307896.0,42984366.0,957462498.72,7120771.0,0.1489,9.4,Healthcare,Biotechnology,NCM,2000-07-14T13:30:00,7503.0,"Alzheimer's drug data, simufilam",,0,,,,biotech_catalyst,0.9,"Seed list: Alzheimer's drug data, simufilam",yfinance,2026-03-26T20:29:17.326948
63,LUNR,"Intuitive Machines, Inc.",common,2023-02-13T00:00:00,2023-02-16T00:00:00,2023-02-16T00:00:00,10.42,51.0,44.77,251.41,329.65,389.44,1,0,0.0,3590800.0,381365.0,9.42,159372567.0,129259120.0,1660662148.14,31107399.0,0.2027,3.15,Industrials,Aerospace & Defense,NGM,,,"Moon landing mission, space sector momentum",,1,,,,sector_momentum,0.9,"Seed list: Moon landing mission, space sector momentum",yfinance,2026-03-26T20:29:16.604851
47,BBIG,"Vinco Ventures, Inc.",common,2025-12-05T00:00:00,2025-12-10T00:00:00,2025-12-10T00:00:00,0.0007,0.003,0.003,400.0,328.57,328.57,1,0,0.0,2026.0,4704.5,0.43,13000000.0,11665321.0,9100.0,2108418.0,0.16219999,1.23,Consumer Cyclical,Leisure,PNK,,,"Tyde spinoff, short squeeze setup",,0,,,,short_squeeze,0.9,"Seed list: Tyde spinoff, short squeeze setup",yfinance,2026-03-26T20:29:15.967229
49,BBIG,"Vinco Ventures, Inc.",common,2026-03-03T00:00:00,2026-03-06T00:00:00,2026-03-04T00:00:00,0.0008,0.0034,0.0034,0.0,325.0,325.0,1,0,0.0,2325.0,2679.8,0.87,13000000.0,11665321.0,10400.0,2108418.0,0.16219999,1.23,Consumer Cyclical,Leisure,PNK,,,"Tyde spinoff, short squeeze setup",,0,,,,short_squeeze,0.9,"Seed list: Tyde spinoff, short squeeze setup",yfinance,2026-03-26T20:29:15.967230
50,BBIG,"Vinco Ventures, Inc.",common,2026-03-20T00:00:00,2026-03-25T00:00:00,2026-03-24T00:00:00,0.0008,0.005,0.0034,0.0,325.0,525.0,1,1,,531.0,2039.65,0.26,13000000.0,11665321.0,10400.0,2108418.0,0.16219999,1.23,Consumer Cyclical,Leisure,PNK,,,"Tyde spinoff, short squeeze setup",,0,,,,short_squeeze,0.9,"Seed list: Tyde spinoff, short squeeze setup",yfinance,2026-03-26T20:29:15.967231
30,BBIG,"Vinco Ventures, Inc.",common,2024-01-18T00:00:00,2024-01-23T00:00:00,2024-01-19T00:00:00,0.005,0.02,0.02,100.0,300.0,300.0,1,0,0.0,116687.0,45531.8,2.56,13000000.0,11665321.0,65000.0,2108418.0,0.16219999,1.23,Consumer Cyclical,Leisure,PNK,,,"Tyde spinoff, short squeeze setup",,0,,,,short_squeeze,0.9,"Seed list: Tyde spinoff, short squeeze setup",yfinance,2026-03-26T20:29:15.967220
42,BBIG,"Vinco Ventures, Inc.",common,2025-03-26T00:00:00,2025-03-31T00:00:00,2025-03-27T00:00:00,0.0005,0.002,0.002,0.0,300.0,300.0,1,0,0.0,0.0,2443.1,0.0,13000000.0,11665321.0,6500.0,2108418.0,0.16219999,1.23,Consumer Cyclical,Leisure,PNK,,,"Tyde spinoff, short squeeze setup",,0,,,,short_squeeze,0.9,"Seed list: Tyde spinoff, short squeeze setup",yfinance,2026-03-26T20:29:15.967226
88,PRST,Presto Automation Inc.,common,2025-09-22T00:00:00,2025-09-25T00:00:00,2025-09-24T00:00:00,0.0001,0.0004,0.0004,33.33,300.0,300.0,1,0,0.0,380240.0,20146.35,18.87,418519281.0,105706246.0,41851.928100000005,1820791.0,0.0138,0.08,Technology,Software - Application,PNK,,,"AI restaurant tech, low float squeeze",,0,,,,penny_stock_pump,0.9,"Seed list: AI restaurant tech, low float squeeze",yfinance,2026-03-26T20:29:17.173194
10,BBIG,"Vinco Ventures, Inc.",common,2026-02-17T00:00:00,2026-02-20T00:00:00,2026-02-20T00:00:00,0.005,0.0198,0.0198,518.75,296.0,296.0,1,1,0.0,1580.0,2105.1,0.75,13000000.0,11665321.0,65000.0,2108418.0,0.16219999,1.23,Consumer Cyclical,Leisure,PNK,,,"Tyde spinoff, short squeeze setup",,0,,,,short_squeeze,0.9,"Seed list: Tyde spinoff, short squeeze setup",yfinance,2026-03-26T20:27:30.270998
67,MEGL,Magic Empire Global Limited,adr,2023-04-25T00:00:00,2023-04-28T00:00:00,2023-04-28T00:00:00,1.0246,5.8113,3.96,331.03,286.47,467.15,1,0,0.0,101221800.0,121105.0,835.82,4064050.0,3173944.0,4164025.63,52585.0,0.0217,3.77,Financial Services,Capital Markets,NCM,,,"IPO day 2800%+ move, ~1M share float",,0,,,,penny_stock_pump,0.9,"Seed list: IPO day 2800%+ move, ~1M share float",yfinance,2026-03-26T20:29:16.679667
26,BBIG,"Vinco Ventures, Inc.",common,2023-10-04T00:00:00,2023-10-09T00:00:00,2023-10-09T00:00:00,0.021,0.11,0.08,0.0,280.95,423.81,1,0,1.0,102561.0,26602.65,3.86,13000000.0,11665321.0,273000.0,2108418.0,0.16219999,1.23,Consumer Cyclical,Leisure,PNK,,,"Tyde spinoff, short squeeze setup",,0,,,,short_squeeze,0.9,"Seed list: Tyde spinoff, short squeeze setup",yfinance,2026-03-26T20:29:15.967217
51,BKKT,"Bakkt, Inc.",common,2021-10-20T00:00:00,2021-10-25T00:00:00,2021-10-25T00:00:00,204.25,789.25,765.0,234.43,274.54,286.41,1,0,0.0,8476148.0,54751.4,154.81,30562096.0,28695974.0,6242308108.0,3901087.0,0.1867,2.81,Technology,Software - Infrastructure,NYQ,,,"De-SPAC pop, Mastercard partnership rumors",,1,,,,spac_despac,0.9,"Seed list: De-SPAC pop, Mastercard partnership rumors",yfinance,2026-03-26T20:29:16.063352
68,MEGL,Magic Empire Global Limited,adr,2025-02-12T00:00:00,2025-02-18T00:00:00,2025-02-18T00:00:00,0.5,2.02,1.87,292.86,274.0,304.0,1,0,0.0,142000.0,222200.0,0.64,4064050.0,3173944.0,2032025.0,52585.0,0.0217,3.77,Financial Services,Capital Markets,NCM,,,"IPO day 2800%+ move, ~1M share float",,0,,,,penny_stock_pump,0.9,"Seed list: IPO day 2800%+ move, ~1M share float",yfinance,2026-03-26T20:29:16.679668
79,PRST,Presto Automation Inc.,common,2024-08-23T00:00:00,2024-08-28T00:00:00,2024-08-28T00:00:00,0.0035,0.013,0.0124,153.06,254.29,271.43,1,0,0.0,29874866.0,51255884.3,0.58,418519281.0,105706246.0,1464817.4835,1820791.0,0.0138,0.08,Technology,Software - Application,PNK,,,"AI restaurant tech, low float squeeze",,0,,,,penny_stock_pump,0.9,"Seed list: AI restaurant tech, low float squeeze",yfinance,2026-03-26T20:29:17.173190
31,BBIG,"Vinco Ventures, Inc.",common,2024-02-12T00:00:00,2024-02-15T00:00:00,2024-02-15T00:00:00,0.01,0.035,0.035,180.0,250.0,250.0,1,0,0.0,7892.0,28823.75,0.27,13000000.0,11665321.0,130000.0,2108418.0,0.16219999,1.23,Consumer Cyclical,Leisure,PNK,,,"Tyde spinoff, short squeeze setup",,0,,,,short_squeeze,0.9,"Seed list: Tyde spinoff, short squeeze setup",yfinance,2026-03-26T20:29:15.967220
37,BBIG,"Vinco Ventures, Inc.",common,2024-10-21T00:00:00,2024-10-24T00:00:00,2024-10-24T00:00:00,0.0003,0.001,0.001,233.33,233.33,233.33,1,0,0.0,4733.0,5213.35,0.91,13000000.0,11665321.0,3899.9999999999995,2108418.0,0.16219999,1.23,Consumer Cyclical,Leisure,PNK,,,"Tyde spinoff, short squeeze setup",,0,,,,short_squeeze,0.9,"Seed list: Tyde spinoff, short squeeze setup",yfinance,2026-03-26T20:29:15.967224
25,BBIG,"Vinco Ventures, Inc.",common,2023-09-05T00:00:00,2023-09-08T00:00:00,2023-09-08T00:00:00,0.08,0.3,0.26,62.7,225.0,275.0,1,0,0.0,106578.0,35861.95,2.97,13000000.0,11665321.0,1040000.0,2108418.0,0.16219999,1.23,Consumer Cyclical,Leisure,PNK,,,"Tyde spinoff, short squeeze setup",,0,,,,short_squeeze,0.9,"Seed list: Tyde spinoff, short squeeze setup",yfinance,2026-03-26T20:29:15.967216
22,BBIG,"Vinco Ventures, Inc.",common,2021-01-15T00:00:00,2021-01-21T00:00:00,2021-01-21T00:00:00,19.454,127.8792,62.035,196.1,218.88,557.34,1,1,1.0,15797959.0,18783.95,841.03,13000000.0,11665321.0,252902000.0,2108418.0,0.16219999,1.23,Consumer Cyclical,Leisure,PNK,,,"Tyde spinoff, short squeeze setup",,0,,,,short_squeeze,0.9,"Seed list: Tyde spinoff, short squeeze setup",yfinance,2026-03-26T20:29:15.967210
59,HKD,AMTD Digital Inc.,adr,2022-09-09T00:00:00,2022-09-14T00:00:00,2022-09-14T00:00:00,61.0,287.0,189.42,311.78,210.52,370.49,1,0,0.0,1609400.0,27790.0,57.91,197023250.0,43990309.0,12018418250.0,1981056.0,0.0101,2.38,Technology,Software - Application,NYQ,,,"IPO $7.80 to $2,555, no clear catalyst, SEC scrutiny",,0,,,,penny_stock_pump,0.9,"Seed list: IPO $7.80 to $2,555, no clear catalyst, SEC scrutiny",yfinance,2026-03-26T20:29:16.447879
73,NVAX,"Novavax, Inc.",common,2024-05-09T00:00:00,2024-05-14T00:00:00,2024-05-14T00:00:00,4.47,15.0,13.48,2.82,201.57,235.57,1,0,0.0,56549400.0,3803750.0,14.87,162935945.0,140468708.0,728323674.15,48625229.0,0.29950002,10.07,Healthcare,Biotechnology,NMS,,,COVID vaccine candidate,,1,,,,biotech_catalyst,0.9,Seed list: COVID vaccine candidate,yfinance,2026-03-26T20:29:16.923474
46,BBIG,"Vinco Ventures, Inc.",common,2025-09-10T00:00:00,2025-09-15T00:00:00,2025-09-12T00:00:00,0.0001,0.0003,0.0003,0.0,200.0,200.0,1,0,1.0,2371.0,2298.75,1.03,13000000.0,11665321.0,1300.0,2108418.0,0.16219999,1.23,Consumer Cyclical,Leisure,PNK,,,"Tyde spinoff, short squeeze setup",,0,,,,short_squeeze,0.9,"Seed list: Tyde spinoff, short squeeze setup",yfinance,2026-03-26T20:29:15.967228
60,HKD,AMTD Digital Inc.,adr,2022-12-30T00:00:00,2023-01-05T00:00:00,2023-01-05T00:00:00,10.0,37.72,29.95,199.5,199.5,277.2,1,0,0.0,40151600.0,307120.0,130.74,197023250.0,43990309.0,1970232500.0,1981056.0,0.0101,2.38,Technology,Software - Application,NYQ,,,"IPO $7.80 to $2,555, no clear catalyst, SEC scrutiny",,0,,,,penny_stock_pump,0.9,"Seed list: IPO $7.80 to $2,555, no clear catalyst, SEC scrutiny",yfinance,2026-03-26T20:29:16.447881
62,ISPC,iSpecimen Inc.,common,2025-09-04T00:00:00,2025-09-09T00:00:00,2025-09-09T00:00:00,0.67,3.18,1.94,159.71,189.55,374.63,1,0,0.0,131317900.0,1279255.0,102.65,9771016.0,9770833.0,6546580.720000001,3073818.0,0.3146,0.18,Healthcare,Diagnostics & Research,NCM,,,"Low float squeeze, COVID testing demand",,0,,,,short_squeeze,0.9,"Seed list: Low float squeeze, COVID testing demand",yfinance,2026-03-26T20:29:16.523507
29,BBIG,"Vinco Ventures, Inc.",common,2023-12-19T00:00:00,2023-12-22T00:00:00,2023-12-21T00:00:00,0.007,0.02,0.02,100.0,185.71,185.71,1,0,0.0,33259.0,23134.9,1.44,13000000.0,11665321.0,91000.0,2108418.0,0.16219999,1.23,Consumer Cyclical,Leisure,PNK,,,"Tyde spinoff, short squeeze setup",,0,,,,short_squeeze,0.9,"Seed list: Tyde spinoff, short squeeze setup",yfinance,2026-03-26T20:29:15.967219
53,BKKT,"Bakkt, Inc.",common,2024-11-15T00:00:00,2024-11-20T00:00:00,2024-11-19T00:00:00,11.32,37.21,31.61,7.15,179.24,228.71,1,0,0.0,4696400.0,169625.0,27.69,30562096.0,28695974.0,345962926.72,3901087.0,0.1867,2.81,Technology,Software - Infrastructure,NYQ,,,"De-SPAC pop, Mastercard partnership rumors",,1,,,,spac_despac,0.9,"Seed list: De-SPAC pop, Mastercard partnership rumors",yfinance,2026-03-26T20:29:16.063354
23,BBIG,"Vinco Ventures, Inc.",common,2021-08-26T00:00:00,2021-08-31T00:00:00,2021-08-30T00:00:00,39.8602,136.0417,110.8739,15.44,178.16,241.3,1,0,1.0,13940447.0,567294.25,24.57,13000000.0,11665321.0,518182600.0,2108418.0,0.16219999,1.23,Consumer Cyclical,Leisure,PNK,,,"Tyde spinoff, short squeeze setup",,0,,,,short_squeeze,0.9,"Seed list: Tyde spinoff, short squeeze setup",yfinance,2026-03-26T20:29:15.967215
61,ISPC,iSpecimen Inc.,common,2021-11-18T00:00:00,2021-11-23T00:00:00,2021-11-23T00:00:00,96.4,370.0,263.8,48.54,173.65,283.82,1,0,0.0,1993505.0,3551.0,561.39,9771016.0,9770833.0,941925942.4000001,3073818.0,0.3146,0.18,Healthcare,Diagnostics & Research,NCM,,,"Low float squeeze, COVID testing demand",,0,,,,short_squeeze,0.9,"Seed list: Low float squeeze, COVID testing demand",yfinance,2026-03-26T20:29:16.523504
58,GME,GameStop Corp.,common,2024-05-09T00:00:00,2024-05-14T00:00:00,2024-05-14T00:00:00,18.01,64.83,48.75,60.1,170.68,259.97,1,0,0.0,206979100.0,9879090.0,20.95,448009480.0,408196259.0,8068650734.800001,64227044.0,0.157,12.79,Consumer Cyclical,Specialty Retail,NYQ,,,"WSB-driven short squeeze, 140%+ SI, Melvin Capital",,1,,,,short_squeeze,0.9,"Seed list: WSB-driven short squeeze, 140%+ SI, Melvin Capital",yfinance,2026-03-26T20:29:16.365156
76,PRST,Presto Automation Inc.,common,2023-04-12T00:00:00,2023-04-17T00:00:00,2023-04-17T00:00:00,1.345,5.2,3.62,160.43,169.14,286.62,1,0,0.0,111443489.0,79466.75,1402.39,418519281.0,105706246.0,562908432.9449999,1820791.0,0.0138,0.08,Technology,Software - Application,PNK,,,"AI restaurant tech, low float squeeze",,0,,,,penny_stock_pump,0.9,"Seed list: AI restaurant tech, low float squeeze",yfinance,2026-03-26T20:29:17.173185
27,BBIG,"Vinco Ventures, Inc.",common,2023-10-30T00:00:00,2023-11-02T00:00:00,2023-11-01T00:00:00,0.023,0.1,0.06,275.0,160.87,334.78,1,0,0.0,2742.0,18045.95,0.15,13000000.0,11665321.0,299000.0,2108418.0,0.16219999,1.23,Consumer Cyclical,Leisure,PNK,,,"Tyde spinoff, short squeeze setup",,0,,,,short_squeeze,0.9,"Seed list: Tyde spinoff, short squeeze setup",yfinance,2026-03-26T20:29:15.967218
74,OCGN,"Ocugen, Inc.",common,2020-07-23T00:00:00,2020-07-28T00:00:00,2020-07-28T00:00:00,0.284,0.958,0.72,14.65,153.52,237.32,1,0,0.0,301529400.0,24877835.0,12.12,327897296.0,322887025.0,93122832.064,52358943.0,0.162,5.78,Healthcare,Biotechnology,NCM,,,Covaxin partnership with Bharat Biotech,,1,,,,biotech_catalyst,0.9,Seed list: Covaxin partnership with Bharat Biotech,yfinance,2026-03-26T20:29:17.018725
40,BBIG,"Vinco Ventures, Inc.",common,2024-11-26T00:00:00,2024-12-02T00:00:00,2024-11-27T00:00:00,0.0004,0.001,0.001,150.0,150.0,150.0,1,0,0.0,2271.0,4727.35,0.48,13000000.0,11665321.0,5200.0,2108418.0,0.16219999,1.23,Consumer Cyclical,Leisure,PNK,,,"Tyde spinoff, short squeeze setup",,0,,,,short_squeeze,0.9,"Seed list: Tyde spinoff, short squeeze setup",yfinance,2026-03-26T20:29:15.967225
90,SAVA,Cassava Sciences Inc,common,2020-09-09T00:00:00,2020-09-14T00:00:00,2020-09-14T00:00:00,3.23,8.41,7.75,133.43,139.94,160.37,1,0,0.0,175097198.0,1591483.65,110.02,48307896.0,42984366.0,156034504.08,7120771.0,0.1489,9.4,Healthcare,Biotechnology,NCM,2000-07-14T13:30:00,7361.0,"Alzheimer's drug data, simufilam",,0,,,,biotech_catalyst,0.9,"Seed list: Alzheimer's drug data, simufilam",yfinance,2026-03-26T20:29:17.326947
89,SAVA,Cassava Sciences Inc,common,2019-12-19T00:00:00,2019-12-24T00:00:00,2019-12-24T00:00:00,1.9,4.95,4.55,26.74,139.47,160.53,1,0,0.0,19722908.0,2518409.95,7.83,48307896.0,42984366.0,91785002.39999999,7120771.0,0.1489,9.4,Healthcare,Biotechnology,NCM,2000-07-14T13:30:00,7096.0,"Alzheimer's drug data, simufilam",,0,,,,biotech_catalyst,0.9,"Seed list: Alzheimer's drug data, simufilam",yfinance,2026-03-26T20:29:17.326943
57,GME,GameStop Corp.,common,2021-02-22T00:00:00,2021-02-25T00:00:00,2021-02-25T00:00:00,11.5,46.17,27.1825,18.56,136.37,301.48,1,0,0.0,601235200.0,246246120.0,2.44,448009480.0,408196259.0,5152109020.0,64227044.0,0.157,12.79,Consumer Cyclical,Specialty Retail,NYQ,,,"WSB-driven short squeeze, 140%+ SI, Melvin Capital",,1,,,,short_squeeze,0.9,"Seed list: WSB-driven short squeeze, 140%+ SI, Melvin Capital",yfinance,2026-03-26T20:29:16.365156
17,AMC,"AMC Entertainment Holdings, Inc.",common,2021-05-27T00:00:00,2021-06-02T00:00:00,2021-06-02T00:00:00,265.2,726.2,625.5,95.22,135.86,173.83,1,0,0.0,76646250.0,10642113.0,7.2,582797250.0,524606787.0,154557830700.0,118075647.0,0.22389999,3.95,Communication Services,Entertainment,NYQ,,,"Meme stock squeeze, high retail participation",,1,,,,short_squeeze,0.9,"Seed list: Meme stock squeeze, high retail participation",yfinance,2026-03-26T20:29:15.677531
2,BBIG,"Vinco Ventures, Inc.",common,2024-06-24T00:00:00,2024-06-27T00:00:00,2024-06-27T00:00:00,0.0044,0.01,0.01,2400.0,127.27,127.27,1,1,0.0,13388.0,2202.55,6.08,13000000.0,11665321.0,57200.0,2108418.0,0.16219999,1.23,Consumer Cyclical,Leisure,PNK,,,"Tyde spinoff, short squeeze setup",,0,,,,short_squeeze,0.9,"Seed list: Tyde spinoff, short squeeze setup",yfinance,2026-03-26T20:27:30.270994
18,AMC,"AMC Entertainment Holdings, Inc.",common,2024-05-09T00:00:00,2024-05-14T00:00:00,2024-05-14T00:00:00,3.05,11.88,6.85,31.98,124.59,289.51,1,0,0.0,634246600.0,21345835.0,29.71,582797250.0,524606787.0,1777531612.5,118075647.0,0.22389999,3.95,Communication Services,Entertainment,NYQ,,,"Meme stock squeeze, high retail participation",,1,,,,short_squeeze,0.9,"Seed list: Meme stock squeeze, high retail participation",yfinance,2026-03-26T20:29:15.677532
69,NVAX,"Novavax, Inc.",common,2020-01-15T00:00:00,2020-01-21T00:00:00,2020-01-21T00:00:00,4.38,9.99,9.82,71.08,124.2,128.08,1,0,0.0,55305200.0,1488800.0,37.15,162935945.0,140468708.0,713659439.1,48625229.0,0.29950002,10.07,Healthcare,Biotechnology,NMS,,,COVID vaccine candidate,,1,,,,biotech_catalyst,0.9,Seed list: COVID vaccine candidate,yfinance,2026-03-26T20:29:16.923465
32,BBIG,"Vinco Ventures, Inc.",common,2024-02-20T00:00:00,2024-02-23T00:00:00,2024-02-23T00:00:00,0.009,0.02,0.02,122.22,122.22,122.22,1,0,0.0,31388.0,22465.15,1.4,13000000.0,11665321.0,116999.99999999999,2108418.0,0.16219999,1.23,Consumer Cyclical,Leisure,PNK,,,"Tyde spinoff, short squeeze setup",,0,,,,short_squeeze,0.9,"Seed list: Tyde spinoff, short squeeze setup",yfinance,2026-03-26T20:29:15.967221
34,BBIG,"Vinco Ventures, Inc.",common,2024-08-23T00:00:00,2024-08-28T00:00:00,2024-08-28T00:00:00,0.0009,0.009,0.002,100.0,122.22,900.0,1,1,0.0,12053.0,3227.0,3.74,13000000.0,11665321.0,11700.0,2108418.0,0.16219999,1.23,Consumer Cyclical,Leisure,PNK,,,"Tyde spinoff, short squeeze setup",,0,,,,short_squeeze,0.9,"Seed list: Tyde spinoff, short squeeze setup",yfinance,2026-03-26T20:29:15.967222
64,LUNR,"Intuitive Machines, Inc.",common,2024-02-14T00:00:00,2024-02-20T00:00:00,2024-02-20T00:00:00,4.98,12.05,10.99,50.14,120.68,141.97,1,0,0.0,64341100.0,3400205.0,18.92,159372567.0,129259120.0,793675383.6600001,31107399.0,0.2027,3.15,Industrials,Aerospace & Defense,NGM,,,"Moon landing mission, space sector momentum",,1,,,,sector_momentum,0.9,"Seed list: Moon landing mission, space sector momentum",yfinance,2026-03-26T20:29:16.604853
66,MEGL,Magic Empire Global Limited,adr,2023-01-03T00:00:00,2023-01-06T00:00:00,2023-01-06T00:00:00,1.2474,3.465,2.7423,20.43,119.84,177.78,1,0,0.0,21271000.0,210220.0,101.18,4064050.0,3173944.0,5069495.970000001,52585.0,0.0217,3.77,Financial Services,Capital Markets,NCM,,,"IPO day 2800%+ move, ~1M share float",,0,,,,penny_stock_pump,0.9,"Seed list: IPO day 2800%+ move, ~1M share float",yfinance,2026-03-26T20:29:16.679667
71,NVAX,"Novavax, Inc.",common,2020-05-07T00:00:00,2020-05-12T00:00:00,2020-05-12T00:00:00,18.15,44.94,39.82,62.53,119.39,147.6,1,0,1.0,74649600.0,6744405.0,11.07,162935945.0,140468708.0,2957287401.75,48625229.0,0.29950002,10.07,Healthcare,Biotechnology,NMS,,,COVID vaccine candidate,,1,,,,biotech_catalyst,0.9,Seed list: COVID vaccine candidate,yfinance,2026-03-26T20:29:16.923472
92,TOP,TOP Financial Group Limited,adr,2022-08-03T00:00:00,2022-08-08T00:00:00,2022-08-08T00:00:00,9.46,23.38,20.57,102.66,117.44,147.15,1,0,0.0,5441100.0,262640.0,20.72,37068205.0,6999960.0,350665219.3,77176.0,0.0045,2.38,Financial Services,Capital Markets,NCM,,,"Hong Kong fintech micro-cap, extreme low float",,0,,,,penny_stock_pump,0.9,"Seed list: Hong Kong fintech micro-cap, extreme low float",yfinance,2026-03-26T20:29:17.487428
54,DJT,Trump Media & Technology Group Corp.,common,2024-01-17T00:00:00,2024-01-22T00:00:00,2024-01-22T00:00:00,23.05,50.2,49.69,88.36,115.57,117.79,1,0,1.0,29654400.0,571435.0,51.89,276731315.0,159355728.0,6378656810.75,11809590.0,0.0731,3.03,Communication Services,Internet Content & Information,NGM,,,"DWAC→DJT merger completion, political meme stock",,1,,,,spac_despac,0.9,"Seed list: DWAC→DJT merger completion, political meme stock",yfinance,2026-03-26T20:29:16.187646
77,PRST,Presto Automation Inc.,common,2024-02-22T00:00:00,2024-02-27T00:00:00,2024-02-27T00:00:00,0.2689,0.6199,0.57,74.05,111.97,130.53,1,0,0.0,28158920.0,491238.0,57.32,418519281.0,105706246.0,112539834.66089998,1820791.0,0.0138,0.08,Technology,Software - Application,PNK,,,"AI restaurant tech, low float squeeze",,0,,,,penny_stock_pump,0.9,"Seed list: AI restaurant tech, low float squeeze",yfinance,2026-03-26T20:29:17.173189
21,ATER,"Aterian, Inc.",common,2020-04-27T00:00:00,2020-04-30T00:00:00,2020-04-30T00:00:00,24.24,59.4,51.0,25.0,110.4,145.05,1,0,1.0,161417.0,5168.25,31.23,10027046.0,6475699.0,243055595.04,167750.0,0.0233,2.66,Consumer Cyclical,"Furnishings, Fixtures & Appliances",NCM,,,"Low float, high SI squeeze",,1,,,,short_squeeze,0.9,"Seed list: Low float, high SI squeeze",yfinance,2026-03-26T20:29:15.868589
72,NVAX,"Novavax, Inc.",common,2021-01-27T00:00:00,2021-02-01T00:00:00,2021-02-01T00:00:00,131.18,276.0,268.3,21.44,104.53,110.4,1,0,0.0,13962300.0,3226645.0,4.33,162935945.0,140468708.0,21373937265.100002,48625229.0,0.29950002,10.07,Healthcare,Biotechnology,NMS,,,COVID vaccine candidate,,1,,,,biotech_catalyst,0.9,Seed list: COVID vaccine candidate,yfinance,2026-03-26T20:29:16.923473
24,BBIG,"Vinco Ventures, Inc.",common,2022-08-15T00:00:00,2022-08-18T00:00:00,2022-08-18T00:00:00,14.234,38.8,29.0,4.32,103.74,172.59,1,0,0.0,6195481.0,557057.85,11.12,13000000.0,11665321.0,185042000.0,2108418.0,0.16219999,1.23,Consumer Cyclical,Leisure,PNK,,,"Tyde spinoff, short squeeze setup",,0,,,,short_squeeze,0.9,"Seed list: Tyde spinoff, short squeeze setup",yfinance,2026-03-26T20:29:15.967216
52,BKKT,"Bakkt, Inc.",common,2023-01-09T00:00:00,2023-01-12T00:00:00,2023-01-12T00:00:00,34.5,71.75,69.5,94.41,101.45,107.97,1,0,0.0,1005824.0,59610.0,16.87,30562096.0,28695974.0,1054392312.0,3901087.0,0.1867,2.81,Technology,Software - Infrastructure,NYQ,,,"De-SPAC pop, Mastercard partnership rumors",,1,,,,spac_despac,0.9,"Seed list: De-SPAC pop, Mastercard partnership rumors",yfinance,2026-03-26T20:29:16.063353
70,NVAX,"Novavax, Inc.",common,2020-02-25T00:00:00,2020-02-28T00:00:00,2020-02-28T00:00:00,7.95,17.71,16.0,35.59,101.26,122.77,1,0,0.0,36295500.0,4423550.0,8.21,162935945.0,140468708.0,1295340762.75,48625229.0,0.29950002,10.07,Healthcare,Biotechnology,NMS,,,COVID vaccine candidate,,1,,,,biotech_catalyst,0.9,Seed list: COVID vaccine candidate,yfinance,2026-03-26T20:29:16.923471
55,GME,GameStop Corp.,common,2021-01-11T00:00:00,2021-01-14T00:00:00,2021-01-14T00:00:00,4.985,10.765,9.9775,27.1,100.15,115.95,1,0,0.0,374869600.0,40253740.0,9.31,448009480.0,408196259.0,2233327257.8,64227044.0,0.157,12.79,Consumer Cyclical,Specialty Retail,NYQ,,,"WSB-driven short squeeze, 140%+ SI, Melvin Capital",,1,,,,short_squeeze,0.9,"Seed list: WSB-driven short squeeze, 140%+ SI, Melvin Capital",yfinance,2026-03-26T20:29:16.365151
28,BBIG,"Vinco Ventures, Inc.",common,2023-12-04T00:00:00,2023-12-07T00:00:00,2023-12-07T00:00:00,0.0055,0.03,0.011,10.0,100.0,445.45,1,0,0.0,118627.0,11572.7,10.25,13000000.0,11665321.0,71500.0,2108418.0,0.16219999,1.23,Consumer Cyclical,Leisure,PNK,,,"Tyde spinoff, short squeeze setup",,0,,,,short_squeeze,0.9,"Seed list: Tyde spinoff, short squeeze setup",yfinance,2026-03-26T20:29:15.967218
35,BBIG,"Vinco Ventures, Inc.",common,2024-09-04T00:00:00,2024-09-09T00:00:00,2024-09-05T00:00:00,0.001,0.002,0.002,100.0,100.0,100.0,1,0,0.0,730.0,3280.5,0.22,13000000.0,11665321.0,13000.0,2108418.0,0.16219999,1.23,Consumer Cyclical,Leisure,PNK,,,"Tyde spinoff, short squeeze setup",,0,,,,short_squeeze,0.9,"Seed list: Tyde spinoff, short squeeze setup",yfinance,2026-03-26T20:29:15.967222
36,BBIG,"Vinco Ventures, Inc.",common,2024-10-07T00:00:00,2024-10-10T00:00:00,2024-10-07T00:00:00,0.0002,0.001,0.0004,33.33,100.0,400.0,1,0,0.0,700.0,13995.45,0.05,13000000.0,11665321.0,2600.0,2108418.0,0.16219999,1.23,Consumer Cyclical,Leisure,PNK,,,"Tyde spinoff, short squeeze setup",,0,,,,short_squeeze,0.9,"Seed list: Tyde spinoff, short squeeze setup",yfinance,2026-03-26T20:29:15.967223
45,BBIG,"Vinco Ventures, Inc.",common,2025-08-07T00:00:00,2025-08-12T00:00:00,2025-08-12T00:00:00,0.0001,0.0002,0.0002,100.0,100.0,100.0,1,0,0.0,2545.0,3352.65,0.76,13000000.0,11665321.0,1300.0,2108418.0,0.16219999,1.23,Consumer Cyclical,Leisure,PNK,,,"Tyde spinoff, short squeeze setup",,0,,,,short_squeeze,0.9,"Seed list: Tyde spinoff, short squeeze setup",yfinance,2026-03-26T20:29:15.967228
82,PRST,Presto Automation Inc.,common,2025-02-20T00:00:00,2025-02-25T00:00:00,2025-02-25T00:00:00,0.0001,0.0002,0.0002,100.0,100.0,100.0,1,0,0.0,250650.0,96937.25,2.59,418519281.0,105706246.0,41851.928100000005,1820791.0,0.0138,0.08,Technology,Software - Application,PNK,,,"AI restaurant tech, low float squeeze",,0,,,,penny_stock_pump,0.9,"Seed list: AI restaurant tech, low float squeeze",yfinance,2026-03-26T20:29:17.173192
83,PRST,Presto Automation Inc.,common,2025-03-03T00:00:00,2025-03-06T00:00:00,2025-03-06T00:00:00,0.0001,0.0002,0.0002,100.0,100.0,100.0,1,0,0.0,8676.0,153683.25,0.06,418519281.0,105706246.0,41851.928100000005,1820791.0,0.0138,0.08,Technology,Software - Application,PNK,,,"AI restaurant tech, low float squeeze",,0,,,,penny_stock_pump,0.9,"Seed list: AI restaurant tech, low float squeeze",yfinance,2026-03-26T20:29:17.173192
84,PRST,Presto Automation Inc.,common,2025-07-17T00:00:00,2025-07-22T00:00:00,2025-07-22T00:00:00,0.0001,0.0002,0.0002,100.0,100.0,100.0,1,0,0.0,236511.0,43079.75,5.49,418519281.0,105706246.0,41851.928100000005,1820791.0,0.0138,0.08,Technology,Software - Application,PNK,,,"AI restaurant tech, low float squeeze",,0,,,,penny_stock_pump,0.9,"Seed list: AI restaurant tech, low float squeeze",yfinance,2026-03-26T20:29:17.173193
86,PRST,Presto Automation Inc.,common,2025-08-21T00:00:00,2025-08-26T00:00:00,2025-08-26T00:00:00,0.0001,0.0002,0.0002,100.0,100.0,100.0,1,0,0.0,11254.0,154040.6,0.07,418519281.0,105706246.0,41851.928100000005,1820791.0,0.0138,0.08,Technology,Software - Application,PNK,,,"AI restaurant tech, low float squeeze",,0,,,,penny_stock_pump,0.9,"Seed list: AI restaurant tech, low float squeeze",yfinance,2026-03-26T20:29:17.173193
87,PRST,Presto Automation Inc.,common,2025-09-04T00:00:00,2025-09-09T00:00:00,2025-09-09T00:00:00,0.0001,0.0002,0.0002,100.0,100.0,100.0,1,0,0.0,11863.0,22330.4,0.53,418519281.0,105706246.0,41851.928100000005,1820791.0,0.0138,0.08,Technology,Software - Application,PNK,,,"AI restaurant tech, low float squeeze",,0,,,,penny_stock_pump,0.9,"Seed list: AI restaurant tech, low float squeeze",yfinance,2026-03-26T20:29:17.173194
19,AMTD,AMTD IDEA Group,adr,2022-07-19T00:00:00,2022-07-22T00:00:00,2022-07-22T00:00:00,6.78,15.84,13.2,103.7,94.69,133.63,1,0,0.0,1854783.0,12680.75,146.27,42487253.0,208541538.0,288063575.34000003,36873.0,0.00090000004,1.28,Financial Services,Asset Management,NYQ,,,"HKD parent, mysterious 32000% rally post-IPO",,0,,,,penny_stock_pump,0.9,"Seed list: HKD parent, mysterious 32000% rally post-IPO",yfinance,2026-03-26T20:29:15.771067
38,BBIG,"Vinco Ventures, Inc.",common,2024-11-07T00:00:00,2024-11-12T00:00:00,2024-11-07T00:00:00,0.0006,0.001,0.001,150.0,66.67,66.67,1,0,0.0,3701.0,5021.85,0.74,13000000.0,11665321.0,7799.999999999999,2108418.0,0.16219999,1.23,Consumer Cyclical,Leisure,PNK,,,"Tyde spinoff, short squeeze setup",,0,,,,short_squeeze,0.9,"Seed list: Tyde spinoff, short squeeze setup",yfinance,2026-03-26T20:29:15.967224
65,MEGL,Magic Empire Global Limited,adr,2022-08-10T00:00:00,2022-08-15T00:00:00,2022-08-15T00:00:00,12.177,18.3051,17.5527,115.69,44.15,50.33,1,0,0.0,77104300.0,4361733.33,17.68,4064050.0,3173944.0,49487936.85,52585.0,0.0217,3.77,Financial Services,Capital Markets,NCM,,,"IPO day 2800%+ move, ~1M share float",,0,,,,penny_stock_pump,0.9,"Seed list: IPO day 2800%+ move, ~1M share float",yfinance,2026-03-26T20:29:16.679664
39,BBIG,"Vinco Ventures, Inc.",common,2024-11-18T00:00:00,2024-11-21T00:00:00,2024-11-18T00:00:00,0.0007,0.01,0.001,100.0,42.86,1328.57,1,1,0.0,7190.0,3567.35,2.02,13000000.0,11665321.0,9100.0,2108418.0,0.16219999,1.23,Consumer Cyclical,Leisure,PNK,,,"Tyde spinoff, short squeeze setup",,0,,,,short_squeeze,0.9,"Seed list: Tyde spinoff, short squeeze setup",yfinance,2026-03-26T20:29:15.967225
41,BBIG,"Vinco Ventures, Inc.",common,2025-03-04T00:00:00,2025-03-07T00:00:00,2025-03-07T00:00:00,0.0019,0.002,0.002,100.0,5.26,5.26,1,0,0.0,689.0,4449.5,0.15,13000000.0,11665321.0,24700.0,2108418.0,0.16219999,1.23,Consumer Cyclical,Leisure,PNK,,,"Tyde spinoff, short squeeze setup",,0,,,,short_squeeze,0.9,"Seed list: Tyde spinoff, short squeeze setup",yfinance,2026-03-26T20:29:15.967226
85,PRST,Presto Automation Inc.,common,2025-08-08T00:00:00,2025-08-13T00:00:00,2025-08-08T00:00:00,0.0002,0.0002,0.0002,100.0,0.0,0.0,1,0,0.0,2000.0,150763.15,0.01,418519281.0,105706246.0,83703.85620000001,1820791.0,0.0138,0.08,Technology,Software - Application,PNK,,,"AI restaurant tech, low float squeeze",,0,,,,penny_stock_pump,0.9,"Seed list: AI restaurant tech, low float squeeze",yfinance,2026-03-26T20:29:17.173193
80,PRST,Presto Automation Inc.,common,2025-01-17T00:00:00,2025-01-23T00:00:00,2025-01-23T00:00:00,0.0005,0.0015,0.0002,100.0,-60.0,200.0,1,0,1.0,633585.0,1681423.1,0.38,418519281.0,105706246.0,209259.6405,1820791.0,0.0138,0.08,Technology,Software - Application,PNK,,,"AI restaurant tech, low float squeeze",,0,,,,penny_stock_pump,0.9,"Seed list: AI restaurant tech, low float squeeze",yfinance,2026-03-26T20:29:17.173191
78,PRST,Presto Automation Inc.,common,2024-08-06T00:00:00,2024-08-09T00:00:00,2024-08-06T00:00:00,0.031,0.0355,0.0056,100.0,-81.94,14.52,1,0,1.0,77406861.0,36836658.45,2.1,418519281.0,105706246.0,12974097.711,1820791.0,0.0138,0.08,Technology,Software - Application,PNK,,,"AI restaurant tech, low float squeeze",,0,,,,penny_stock_pump,0.9,"Seed list: AI restaurant tech, low float squeeze",yfinance,2026-03-26T20:29:17.173190
